ordinal,family,name,root_field,slot,confidence,evidence
7,MC_GRP,MC_grpGetImageProperty,0x04,+0x00,confirmed,anycall_magichole@ca5a91ad6392f62dd7428711e7a8dd9f621d3949:docs/maps/wipi_public_syscall_resolution_audit.csv#ordinal=7
9,MC_GRP,MC_grpGetScreenFrameBuffer,0x04,+0x08,confirmed,anycall_magichole@ca5a91ad6392f62dd7428711e7a8dd9f621d3949:docs/maps/wipi_public_syscall_resolution_audit.csv#ordinal=9
10,MC_GRP,MC_grpDestroyOffScreenFrameBuffer,0x04,+0x0c,confirmed,anycall_magichole@ca5a91ad6392f62dd7428711e7a8dd9f621d3949:docs/maps/wipi_public_syscall_resolution_audit.csv#ordinal=10
11,MC_GRP,MC_grpCreateOffScreenFrameBuffer,0x04,+0x10,confirmed,anycall_magichole@ca5a91ad6392f62dd7428711e7a8dd9f621d3949:docs/maps/wipi_public_syscall_resolution_audit.csv#ordinal=11
12,MC_GRP,MC_grpInitContext,0x04,+0x14,confirmed,anycall_magichole@ca5a91ad6392f62dd7428711e7a8dd9f621d3949:docs/maps/wipi_public_syscall_resolution_audit.csv#ordinal=12
13,MC_GRP,MC_grpSetContext,0x04,+0x18,confirmed,anycall_magichole@ca5a91ad6392f62dd7428711e7a8dd9f621d3949:docs/maps/wipi_public_syscall_resolution_audit.csv#ordinal=13
14,MC_GRP,MC_grpGetContext,0x04,+0x1c,confirmed,anycall_magichole@ca5a91ad6392f62dd7428711e7a8dd9f621d3949:docs/maps/wipi_public_syscall_resolution_audit.csv#ordinal=14
16,MC_GRP,MC_grpDrawLine,0x04,+0x24,confirmed,anycall_magichole@ca5a91ad6392f62dd7428711e7a8dd9f621d3949:docs/maps/wipi_public_syscall_resolution_audit.csv#ordinal=16
17,MC_GRP,MC_grpDrawRect,0x04,+0x28,confirmed,anycall_magichole@ca5a91ad6392f62dd7428711e7a8dd9f621d3949:docs/maps/wipi_public_syscall_resolution_audit.csv#ordinal=17
18,MC_GRP,MC_grpFillRect,0x04,+0x2c,confirmed,anycall_magichole@ca5a91ad6392f62dd7428711e7a8dd9f621d3949:docs/maps/wipi_public_syscall_resolution_audit.csv#ordinal=18
19,MC_GRP,MC_grpCopyFrameBuffer,0x04,+0x30,confirmed,anycall_magichole@ca5a91ad6392f62dd7428711e7a8dd9f621d3949:docs/maps/wipi_public_syscall_resolution_audit.csv#ordinal=19
20,MC_GRP,MC_grpDrawImage,0x04,+0x34,confirmed,anycall_magichole@ca5a91ad6392f62dd7428711e7a8dd9f621d3949:docs/maps/wipi_public_syscall_resolution_audit.csv#ordinal=20
21,MC_GRP,MC_grpCopyArea,0x04,+0x38,confirmed,anycall_magichole@ca5a91ad6392f62dd7428711e7a8dd9f621d3949:docs/maps/wipi_public_syscall_resolution_audit.csv#ordinal=21
24,MC_GRP,MC_grpDrawString,0x04,+0x44,confirmed,anycall_magichole@ca5a91ad6392f62dd7428711e7a8dd9f621d3949:docs/maps/wipi_public_syscall_resolution_audit.csv#ordinal=24
28,MC_GRP,MC_grpFlushLcd,0x04,+0x54,confirmed,anycall_magichole@ca5a91ad6392f62dd7428711e7a8dd9f621d3949:docs/maps/wipi_public_syscall_resolution_audit.csv#ordinal=28
29,MC_GRP,MC_grpGetPixelFromRGB,0x04,+0x58,confirmed,anycall_magichole@ca5a91ad6392f62dd7428711e7a8dd9f621d3949:docs/maps/wipi_public_syscall_resolution_audit.csv#ordinal=29
30,MC_GRP,MC_grpGetDisplayInfo,0x04,+0x60,confirmed,anycall_magichole@ca5a91ad6392f62dd7428711e7a8dd9f621d3949:docs/maps/wipi_public_syscall_resolution_audit.csv#ordinal=30
31,MC_GRP,MC_grpRepaint,0x04,+0x64,confirmed,anycall_magichole@ca5a91ad6392f62dd7428711e7a8dd9f621d3949:docs/maps/wipi_public_syscall_resolution_audit.csv#ordinal=31
32,MC_GRP,MC_grpGetFont,0x04,+0x68,confirmed,anycall_magichole@ca5a91ad6392f62dd7428711e7a8dd9f621d3949:docs/maps/wipi_public_syscall_resolution_audit.csv#ordinal=32
33,MC_GRP,MC_grpGetFontHeight,0x04,+0x6c,confirmed,anycall_magichole@ca5a91ad6392f62dd7428711e7a8dd9f621d3949:docs/maps/wipi_public_syscall_resolution_audit.csv#ordinal=33
34,MC_GRP,MC_grpGetFontAscent,0x04,+0x70,confirmed,anycall_magichole@ca5a91ad6392f62dd7428711e7a8dd9f621d3949:docs/maps/wipi_public_syscall_resolution_audit.csv#ordinal=34
36,MC_GRP,MC_grpGetStringWidth,0x04,+0x78,confirmed,anycall_magichole@ca5a91ad6392f62dd7428711e7a8dd9f621d3949:docs/maps/wipi_public_syscall_resolution_audit.csv#ordinal=36
38,MC_GRP,MC_grpCreateImage,0x04,+0x80,confirmed,anycall_magichole@ca5a91ad6392f62dd7428711e7a8dd9f621d3949:docs/maps/wipi_public_syscall_resolution_audit.csv#ordinal=38
39,MC_GRP,MC_grpDestroyImage,0x04,+0x84,confirmed,anycall_magichole@ca5a91ad6392f62dd7428711e7a8dd9f621d3949:docs/maps/wipi_public_syscall_resolution_audit.csv#ordinal=39
40,MC_GRP,MC_grpDecodeNextImage,0x04,+0x88,confirmed,anycall_magichole@ca5a91ad6392f62dd7428711e7a8dd9f621d3949:docs/maps/wipi_public_syscall_resolution_audit.csv#ordinal=40
42,MC_GRP,MC_grpPostEvent,0x04,+0x90,confirmed,anycall_magichole@ca5a91ad6392f62dd7428711e7a8dd9f621d3949:docs/maps/wipi_public_syscall_resolution_audit.csv#ordinal=42
45,MC_GRP,MC_grpGetRGBFromPixel,0x04,+0x5c,confirmed,anycall_magichole@ca5a91ad6392f62dd7428711e7a8dd9f621d3949:docs/maps/wipi_public_syscall_resolution_audit.csv#ordinal=45
46,MC_FS,MC_fsOpen,0x0c,+0x00,confirmed,anycall_magichole@ca5a91ad6392f62dd7428711e7a8dd9f621d3949:docs/maps/wipi_public_syscall_resolution_audit.csv#ordinal=46
47,MC_FS,MC_fsRead,0x0c,+0x04,confirmed,anycall_magichole@ca5a91ad6392f62dd7428711e7a8dd9f621d3949:docs/maps/wipi_public_syscall_resolution_audit.csv#ordinal=47
48,MC_FS,MC_fsWrite,0x0c,+0x08,confirmed,anycall_magichole@ca5a91ad6392f62dd7428711e7a8dd9f621d3949:docs/maps/wipi_public_syscall_resolution_audit.csv#ordinal=48
49,MC_FS,MC_fsClose,0x0c,+0x0c,confirmed,anycall_magichole@ca5a91ad6392f62dd7428711e7a8dd9f621d3949:docs/maps/wipi_public_syscall_resolution_audit.csv#ordinal=49
50,MC_FS,MC_fsSeek,0x0c,+0x10,confirmed,anycall_magichole@ca5a91ad6392f62dd7428711e7a8dd9f621d3949:docs/maps/wipi_public_syscall_resolution_audit.csv#ordinal=50
51,MC_FS,MC_fsFileAttribute,0x0c,+0x14,confirmed,anycall_magichole@ca5a91ad6392f62dd7428711e7a8dd9f621d3949:docs/maps/wipi_public_syscall_resolution_audit.csv#ordinal=51
52,MC_FS,MC_fsRemove,0x0c,+0x18,confirmed,anycall_magichole@ca5a91ad6392f62dd7428711e7a8dd9f621d3949:docs/maps/wipi_public_syscall_resolution_audit.csv#ordinal=52
53,MC_FS,MC_fsRename,0x0c,+0x1c,confirmed,anycall_magichole@ca5a91ad6392f62dd7428711e7a8dd9f621d3949:docs/maps/wipi_public_syscall_resolution_audit.csv#ordinal=53
54,MC_FS,MC_fsMkDir,0x0c,+0x20,confirmed,anycall_magichole@ca5a91ad6392f62dd7428711e7a8dd9f621d3949:docs/maps/wipi_public_syscall_resolution_audit.csv#ordinal=54
55,MC_FS,MC_fsRmDir,0x0c,+0x24,confirmed,anycall_magichole@ca5a91ad6392f62dd7428711e7a8dd9f621d3949:docs/maps/wipi_public_syscall_resolution_audit.csv#ordinal=55
56,MC_FS,MC_fsList,0x0c,+0x28,confirmed,anycall_magichole@ca5a91ad6392f62dd7428711e7a8dd9f621d3949:docs/maps/wipi_public_syscall_resolution_audit.csv#ordinal=56
57,MC_FS,MC_fsTotalSpace,0x0c,+0x2c,confirmed,anycall_magichole@ca5a91ad6392f62dd7428711e7a8dd9f621d3949:docs/maps/wipi_public_syscall_resolution_audit.csv#ordinal=57
58,MC_FS,MC_fsAvailable,0x0c,+0x30,confirmed,anycall_magichole@ca5a91ad6392f62dd7428711e7a8dd9f621d3949:docs/maps/wipi_public_syscall_resolution_audit.csv#ordinal=58
60,MC_FS,MC_fsGetCounts,0x0c,+0x38,confirmed,anycall_magichole@ca5a91ad6392f62dd7428711e7a8dd9f621d3949:docs/maps/wipi_public_syscall_resolution_audit.csv#ordinal=60
61,MC_FS,MC_fsTell,0x0c,+0x40,confirmed,anycall_magichole@ca5a91ad6392f62dd7428711e7a8dd9f621d3949:docs/maps/wipi_public_syscall_resolution_audit.csv#ordinal=61
62,MC_FS,MC_fsIsExist,0x0c,+0x3c,confirmed,anycall_magichole@ca5a91ad6392f62dd7428711e7a8dd9f621d3949:docs/maps/wipi_public_syscall_resolution_audit.csv#ordinal=62
63,MC_NET,MC_netConnect,0x14,+0x00,confirmed,anycall_magichole@ca5a91ad6392f62dd7428711e7a8dd9f621d3949:docs/maps/wipi_public_syscall_resolution_audit.csv#ordinal=63
64,MC_NET,MC_netSocketClose,0x14,+0x18,confirmed,anycall_magichole@ca5a91ad6392f62dd7428711e7a8dd9f621d3949:docs/maps/wipi_public_syscall_resolution_audit.csv#ordinal=64
65,MC_NET,MC_netSocket,0x14,+0x08,confirmed,anycall_magichole@ca5a91ad6392f62dd7428711e7a8dd9f621d3949:docs/maps/wipi_public_syscall_resolution_audit.csv#ordinal=65
66,MC_NET,MC_netClose,0x14,+0x04,confirmed,anycall_magichole@ca5a91ad6392f62dd7428711e7a8dd9f621d3949:docs/maps/wipi_public_syscall_resolution_audit.csv#ordinal=66
67,MC_NET,MC_netSocketConnect,0x14,+0x0c,confirmed,anycall_magichole@ca5a91ad6392f62dd7428711e7a8dd9f621d3949:docs/maps/wipi_public_syscall_resolution_audit.csv#ordinal=67
69,MC_NET,MC_netSetReadCB,0x14,+0x34,confirmed,anycall_magichole@ca5a91ad6392f62dd7428711e7a8dd9f621d3949:docs/maps/wipi_public_syscall_resolution_audit.csv#ordinal=69
70,MC_NET,MC_netSetWriteCB,0x14,+0x38,confirmed,anycall_magichole@ca5a91ad6392f62dd7428711e7a8dd9f621d3949:docs/maps/wipi_public_syscall_resolution_audit.csv#ordinal=70
71,MC_NET,MC_netGetHostAddr,0x14,+0x2c,confirmed,anycall_magichole@ca5a91ad6392f62dd7428711e7a8dd9f621d3949:docs/maps/wipi_public_syscall_resolution_audit.csv#ordinal=71
81,MC_NET,MC_netSocketWrite,0x14,+0x10,confirmed,anycall_magichole@ca5a91ad6392f62dd7428711e7a8dd9f621d3949:docs/maps/wipi_public_syscall_resolution_audit.csv#ordinal=81
82,MC_NET,MC_netSocketRead,0x14,+0x14,confirmed,anycall_magichole@ca5a91ad6392f62dd7428711e7a8dd9f621d3949:docs/maps/wipi_public_syscall_resolution_audit.csv#ordinal=82
138,MC_KNL,MC_knlCalloc,0x00,+0x54,confirmed,anycall_magichole@ca5a91ad6392f62dd7428711e7a8dd9f621d3949:docs/maps/wipi_public_syscall_resolution_audit.csv#ordinal=138
139,MC_KNL,MC_knlFree,0x00,+0x58,confirmed,anycall_magichole@ca5a91ad6392f62dd7428711e7a8dd9f621d3949:docs/maps/wipi_public_syscall_resolution_audit.csv#ordinal=139
140,MC_KNL,MC_knlGetFreeMemory,0x00,+0x60,confirmed,anycall_magichole@ca5a91ad6392f62dd7428711e7a8dd9f621d3949:docs/maps/wipi_public_syscall_resolution_audit.csv#ordinal=140
141,MC_KNL,MC_knlPrintk,0x00,+0x00,confirmed,anycall_magichole@ca5a91ad6392f62dd7428711e7a8dd9f621d3949:docs/maps/wipi_public_syscall_resolution_audit.csv#ordinal=141
142,MC_KNL,MC_knlGetResourceID,0x00,+0x7c,confirmed,anycall_magichole@ca5a91ad6392f62dd7428711e7a8dd9f621d3949:docs/maps/wipi_public_syscall_resolution_audit.csv#ordinal=142
143,MC_KNL,MC_knlGetResource,0x00,+0x80,confirmed,anycall_magichole@ca5a91ad6392f62dd7428711e7a8dd9f621d3949:docs/maps/wipi_public_syscall_resolution_audit.csv#ordinal=143
144,MC_KNL,MC_knlDefTimer,0x00,+0x64,confirmed,anycall_magichole@ca5a91ad6392f62dd7428711e7a8dd9f621d3949:docs/maps/wipi_public_syscall_resolution_audit.csv#ordinal=144
145,MC_KNL,MC_knlSprintk,0x00,+0x04,confirmed,anycall_magichole@ca5a91ad6392f62dd7428711e7a8dd9f621d3949:docs/maps/wipi_public_syscall_resolution_audit.csv#ordinal=145
146,MC_KNL,MC_knlGetExecNames,0x00,+0x08,confirmed,anycall_magichole@ca5a91ad6392f62dd7428711e7a8dd9f621d3949:docs/maps/wipi_public_syscall_resolution_audit.csv#ordinal=146
148,MC_KNL,MC_knlExit,0x00,+0x1c,confirmed,anycall_magichole@ca5a91ad6392f62dd7428711e7a8dd9f621d3949:docs/maps/wipi_public_syscall_resolution_audit.csv#ordinal=148
150,MC_KNL,MC_knlGetCurProgramID,0x00,+0x24,confirmed,anycall_magichole@ca5a91ad6392f62dd7428711e7a8dd9f621d3949:docs/maps/wipi_public_syscall_resolution_audit.csv#ordinal=150
155,MC_KNL,MC_knlGetProgramName,0x00,+0x38,confirmed,anycall_magichole@ca5a91ad6392f62dd7428711e7a8dd9f621d3949:docs/maps/wipi_public_syscall_resolution_audit.csv#ordinal=155
156,MC_KNL,MC_knlCreateSharedBuf,0x00,+0x3c,confirmed,anycall_magichole@ca5a91ad6392f62dd7428711e7a8dd9f621d3949:docs/maps/wipi_public_syscall_resolution_audit.csv#ordinal=156
161,MC_KNL,MC_knlAlloc,0x00,+0x50,confirmed,anycall_magichole@ca5a91ad6392f62dd7428711e7a8dd9f621d3949:docs/maps/wipi_public_syscall_resolution_audit.csv#ordinal=161
163,MC_KNL,MC_knlSetTimer,0x00,+0x68,confirmed,anycall_magichole@ca5a91ad6392f62dd7428711e7a8dd9f621d3949:docs/maps/wipi_public_syscall_resolution_audit.csv#ordinal=163
164,MC_KNL,MC_knlUnsetTimer,0x00,+0x6c,confirmed,anycall_magichole@ca5a91ad6392f62dd7428711e7a8dd9f621d3949:docs/maps/wipi_public_syscall_resolution_audit.csv#ordinal=164
165,MC_KNL,MC_knlCurrentTime,0x00,+0x70,confirmed,anycall_magichole@ca5a91ad6392f62dd7428711e7a8dd9f621d3949:docs/maps/wipi_public_syscall_resolution_audit.csv#ordinal=165
166,MC_KNL,MC_knlGetSystemProperty,0x00,+0x74,confirmed,anycall_magichole@ca5a91ad6392f62dd7428711e7a8dd9f621d3949:docs/maps/wipi_public_syscall_resolution_audit.csv#ordinal=166
