ordinal,family,name,prototype,implementation,abi_class,ktf_samsung_confidence,ktf_samsung_selector_kind,ktf_samsung_slot,evidence
1,MC_SRL,MC_srlClose,M_Int32 MC_srlClose(M_Int32 fd),table,word-tail,confirmed,WIPI_SYSCALL_KIND_PROVIDER_TABLE,+0x14,anycall_magichole:analysis/decompiled/wipi_mc_srl_spec_adapter.c:488
2,MC_SRL,MC_srlOpen,"M_Int32 MC_srlOpen(M_Int32 port, M_Byte *param)",table,word-tail,confirmed,WIPI_SYSCALL_KIND_PROVIDER_TABLE,+0x00,anycall_magichole:analysis/decompiled/wipi_mc_srl_spec_adapter.c:389
3,MC_SRL,MC_srlWrite,"M_Int32 MC_srlWrite(M_Int32 fd, M_Uint8 *buf, M_Int32 size)",table,word-tail,confirmed,WIPI_SYSCALL_KIND_PROVIDER_TABLE,+0x04,anycall_magichole:analysis/decompiled/wipi_mc_srl_spec_adapter.c:423
4,MC_SRL,MC_srlRead,"M_Int32 MC_srlRead(M_Int32 fd, M_Uint8 *buf, M_Int32 size)",table,word-tail,confirmed,WIPI_SYSCALL_KIND_PROVIDER_TABLE,+0x08,anycall_magichole:analysis/decompiled/wipi_mc_srl_spec_adapter.c:442
5,MC_SRL,MC_srlSetReadCB,"M_Int32 MC_srlSetReadCB(M_Int32 fd, SRLREADCB cb, void *param)",table,word-tail,confirmed,WIPI_SYSCALL_KIND_PROVIDER_TABLE,+0x0c,anycall_magichole:analysis/decompiled/wipi_mc_srl_spec_adapter.c:456
6,MC_SRL,MC_srlSetWriteCB,"M_Int32 MC_srlSetWriteCB(M_Int32 fd, SRLWRITECB cb, void *param)",table,word-tail,confirmed,WIPI_SYSCALL_KIND_PROVIDER_TABLE,+0x10,anycall_magichole:analysis/decompiled/wipi_mc_srl_spec_adapter.c:472
7,MC_GRP,MC_grpGetImageProperty,"M_Int32 MC_grpGetImageProperty(MC_GrpImage img, M_Int32 index)",table,word-tail,confirmed,WIPI_SYSCALL_KIND_DAT_IMPORT,+0x00,anycall_magichole:analysis/decompiled/wipi_mc_grp_spec_adapter.c:699
8,MC_GRP,MC_grpGetImageFrameBuffer,MC_GrpFrameBuffer MC_grpGetImageFrameBuffer(MC_GrpImage img),table,word-tail,confirmed,WIPI_SYSCALL_KIND_DAT_IMPORT,+0x04,anycall_magichole:analysis/decompiled/wipi_mc_grp_spec_adapter.c:725
9,MC_GRP,MC_grpGetScreenFrameBuffer,MC_GrpFrameBuffer MC_grpGetScreenFrameBuffer(M_Int32 i),table,word-tail,confirmed,WIPI_SYSCALL_KIND_DAT_IMPORT,+0x08,anycall_magichole:analysis/decompiled/wipi_mc_grp_spec_adapter.c:730
10,MC_GRP,MC_grpDestroyOffScreenFrameBuffer,void MC_grpDestroyOffScreenFrameBuffer(MC_GrpFrameBuffer fb),table,word-tail,confirmed,WIPI_SYSCALL_KIND_DAT_IMPORT,+0x0c,anycall_magichole:analysis/decompiled/wipi_mc_grp_spec_adapter.c:739
11,MC_GRP,MC_grpCreateOffScreenFrameBuffer,"MC_GrpFrameBuffer MC_grpCreateOffScreenFrameBuffer(M_Int32 w, M_Int32 h)",table,word-tail,confirmed,WIPI_SYSCALL_KIND_DAT_IMPORT,+0x10,anycall_magichole:analysis/decompiled/wipi_mc_grp_spec_adapter.c:750
12,MC_GRP,MC_grpInitContext,void MC_grpInitContext(MC_GrpContext *pgc),table,word-tail,confirmed,WIPI_SYSCALL_KIND_DAT_IMPORT,+0x14,anycall_magichole:analysis/decompiled/wipi_mc_grp_spec_adapter.c:779
13,MC_GRP,MC_grpSetContext,"void MC_grpSetContext(MC_GrpContext *pgc, M_Int32 index, void *pv)",table,word-tail,confirmed,WIPI_SYSCALL_KIND_DAT_IMPORT,+0x18,anycall_magichole:analysis/decompiled/wipi_mc_grp_spec_adapter.c:786
14,MC_GRP,MC_grpGetContext,"void MC_grpGetContext(MC_GrpContext *pgc, M_Int32 index, void *pv)",table,word-tail,confirmed,WIPI_SYSCALL_KIND_DAT_IMPORT,+0x1c,anycall_magichole:analysis/decompiled/wipi_mc_grp_spec_adapter.c:832
15,MC_GRP,MC_grpPutPixel,"void MC_grpPutPixel(MC_GrpFrameBuffer dst, M_Int32 x, M_Int32 y, MC_GrpContext *pgc)",table,word-tail,confirmed,WIPI_SYSCALL_KIND_DAT_IMPORT,+0x20,anycall_magichole:analysis/decompiled/wipi_mc_grp_spec_adapter.c:867
16,MC_GRP,MC_grpDrawLine,"void MC_grpDrawLine(MC_GrpFrameBuffer dst, M_Int32 x1, M_Int32 y1, M_Int32 x2, M_Int32 y2, MC_GrpContext *pgc)",table,word-tail,confirmed,WIPI_SYSCALL_KIND_DAT_IMPORT,+0x24,anycall_magichole:analysis/decompiled/wipi_mc_grp_spec_adapter.c:873
17,MC_GRP,MC_grpDrawRect,"void MC_grpDrawRect(MC_GrpFrameBuffer dst, M_Int32 x, M_Int32 y, M_Int32 w, M_Int32 h, MC_GrpContext *pgc)",table,word-tail,confirmed,WIPI_SYSCALL_KIND_DAT_IMPORT,+0x28,anycall_magichole:analysis/decompiled/wipi_mc_grp_spec_adapter.c:904
18,MC_GRP,MC_grpFillRect,"void MC_grpFillRect(MC_GrpFrameBuffer dst, M_Int32 x, M_Int32 y, M_Int32 w, M_Int32 h, MC_GrpContext *pgc)",table,word-tail,confirmed,WIPI_SYSCALL_KIND_DAT_IMPORT,+0x2c,anycall_magichole:analysis/decompiled/wipi_mc_grp_spec_adapter.c:915
19,MC_GRP,MC_grpCopyFrameBuffer,"void MC_grpCopyFrameBuffer(MC_GrpFrameBuffer dst, M_Int32 dx, M_Int32 dy, M_Int32 w, M_Int32 h, MC_GrpFrameBuffer src, M_Int32 sx, M_Int32 sy, MC_GrpContext *pgc)",table,word-tail,confirmed,WIPI_SYSCALL_KIND_DAT_IMPORT,+0x30,anycall_magichole:analysis/decompiled/wipi_mc_grp_spec_adapter.c:932
20,MC_GRP,MC_grpDrawImage,"void MC_grpDrawImage(MC_GrpFrameBuffer dst, M_Int32 dx, M_Int32 dy, M_Int32 w, M_Int32 h, MC_GrpImage src, M_Int32 sx, M_Int32 sy, MC_GrpContext *pgc)",table,word-tail,confirmed,WIPI_SYSCALL_KIND_DAT_IMPORT,+0x34,anycall_magichole:analysis/decompiled/wipi_mc_grp_spec_adapter.c:993
21,MC_GRP,MC_grpCopyArea,"void MC_grpCopyArea(MC_GrpFrameBuffer dst, M_Int32 dx, M_Int32 dy, M_Int32 w, M_Int32 h, M_Int32 x, M_Int32 y, MC_GrpContext *pgc)",table,word-tail,confirmed,WIPI_SYSCALL_KIND_DAT_IMPORT,+0x38,anycall_magichole:analysis/decompiled/wipi_mc_grp_spec_adapter.c:1001
22,MC_GRP,MC_grpDrawArc,"void MC_grpDrawArc(MC_GrpFrameBuffer dst, M_Int32 x, M_Int32 y, M_Int32 w, M_Int32 h, M_Int32 s, M_Int32 e, MC_GrpContext *pgc)",table,word-tail,confirmed,WIPI_SYSCALL_KIND_DAT_IMPORT,+0x3c,anycall_magichole:analysis/decompiled/wipi_mc_grp_spec_adapter.c:1006
23,MC_GRP,MC_grpFillArc,"void MC_grpFillArc(MC_GrpFrameBuffer dst, M_Int32 x, M_Int32 y, M_Int32 w, M_Int32 h, M_Int32 s, M_Int32 e, MC_GrpContext *pgc)",table,word-tail,confirmed,WIPI_SYSCALL_KIND_DAT_IMPORT,+0x40,anycall_magichole:analysis/decompiled/wipi_mc_grp_spec_adapter.c:1052
24,MC_GRP,MC_grpDrawString,"void MC_grpDrawString(MC_GrpFrameBuffer dst, M_Int32 x, M_Int32 y, const M_Char *str, M_Int32 len, MC_GrpContext *pgc)",table,word-tail,confirmed,WIPI_SYSCALL_KIND_DAT_IMPORT,+0x44,anycall_magichole:analysis/decompiled/wipi_mc_grp_spec_adapter.c:1092
25,MC_GRP,MC_grpDrawUnicodeString,"void MC_grpDrawUnicodeString(MC_GrpFrameBuffer dst, M_Int32 x, M_Int32 y, const M_UCode *str, M_Int32 len, MC_GrpContext *pgc)",table,word-tail,confirmed,WIPI_SYSCALL_KIND_DAT_IMPORT,+0x48,anycall_magichole:analysis/decompiled/wipi_mc_grp_spec_adapter.c:1113
26,MC_GRP,MC_grpGetRGBPixels,"void MC_grpGetRGBPixels(MC_GrpFrameBuffer dst, M_Int32 x, M_Int32 y, M_Int32 w, M_Int32 h, M_Uint32 *pd, M_Int32 ipl)",table,word-tail,confirmed,WIPI_SYSCALL_KIND_DAT_IMPORT,+0x4c,anycall_magichole:analysis/decompiled/wipi_mc_grp_spec_adapter.c:1132
27,MC_GRP,MC_grpSetRGBPixels,"void MC_grpSetRGBPixels(MC_GrpFrameBuffer dst, M_Int32 x, M_Int32 y, M_Int32 w, M_Int32 h, const M_Uint32 *psrc, M_Int32 ibpl, MC_GrpContext *pgc)",table,word-tail,confirmed,WIPI_SYSCALL_KIND_DAT_IMPORT,+0x50,anycall_magichole:analysis/decompiled/wipi_mc_grp_spec_adapter.c:1150
28,MC_GRP,MC_grpFlushLcd,"void MC_grpFlushLcd(M_Int32 i, MC_GrpFrameBuffer frm, M_Int32 x, M_Int32 y, M_Int32 w, M_Int32 h)",table,word-tail,confirmed,WIPI_SYSCALL_KIND_DAT_IMPORT,+0x54,anycall_magichole:analysis/decompiled/wipi_mc_grp_spec_adapter.c:1166
29,MC_GRP,MC_grpGetPixelFromRGB,"M_Int32 MC_grpGetPixelFromRGB(M_Int32 r, M_Int32 g, M_Int32 b)",table,word-tail,confirmed,WIPI_SYSCALL_KIND_DAT_IMPORT,+0x58,anycall_magichole:analysis/decompiled/wipi_mc_grp_spec_adapter.c:1182
30,MC_GRP,MC_grpGetDisplayInfo,"M_Int32 MC_grpGetDisplayInfo(M_Int32 i, MC_GrpDisplayInfo *pi)",table,word-tail,confirmed,WIPI_SYSCALL_KIND_DAT_IMPORT,+0x60,anycall_magichole:analysis/decompiled/wipi_mc_grp_spec_adapter.c:1201
31,MC_GRP,MC_grpRepaint,"void MC_grpRepaint(M_Int32 lcd, M_Int32 x, M_Int32 y, M_Int32 w, M_Int32 h)",table,word-tail,confirmed,WIPI_SYSCALL_KIND_DAT_IMPORT,+0x64,anycall_magichole:analysis/decompiled/wipi_mc_grp_spec_adapter.c:1224
32,MC_GRP,MC_grpGetFont,"M_Int32 MC_grpGetFont(M_Int32 face, M_Int32 size, M_Int32 style)",table,word-tail,confirmed,WIPI_SYSCALL_KIND_DAT_IMPORT,+0x68,anycall_magichole:analysis/decompiled/wipi_mc_grp_spec_adapter.c:1233
33,MC_GRP,MC_grpGetFontHeight,M_Int32 MC_grpGetFontHeight(M_Int32 font),table,word-tail,confirmed,WIPI_SYSCALL_KIND_DAT_IMPORT,+0x6c,anycall_magichole:analysis/decompiled/wipi_mc_grp_spec_adapter.c:1238
34,MC_GRP,MC_grpGetFontAscent,M_Int32 MC_grpGetFontAscent(M_Int32 font),table,word-tail,confirmed,WIPI_SYSCALL_KIND_DAT_IMPORT,+0x70,anycall_magichole:analysis/decompiled/wipi_mc_grp_spec_adapter.c:1243
35,MC_GRP,MC_grpGetFontDescent,M_Int32 MC_grpGetFontDescent(M_Int32 font),table,word-tail,confirmed,WIPI_SYSCALL_KIND_DAT_IMPORT,+0x74,anycall_magichole:analysis/decompiled/wipi_mc_grp_spec_adapter.c:1249
36,MC_GRP,MC_grpGetStringWidth,"M_Int32 MC_grpGetStringWidth(M_Int32 font, const M_Uint8 *str, M_Int32 len)",table,word-tail,confirmed,WIPI_SYSCALL_KIND_DAT_IMPORT,+0x78,anycall_magichole:analysis/decompiled/wipi_mc_grp_spec_adapter.c:1255
37,MC_GRP,MC_grpGetUnicodeStringWidth,"M_Int32 MC_grpGetUnicodeStringWidth(M_Int32 font, const M_UCode *str, M_Int32 len)",table,word-tail,confirmed,WIPI_SYSCALL_KIND_DAT_IMPORT,+0x7c,anycall_magichole:analysis/decompiled/wipi_mc_grp_spec_adapter.c:1261
38,MC_GRP,MC_grpCreateImage,"M_Int32 MC_grpCreateImage(MC_GrpImage *newImg, M_Uint32 bufID, M_Int32 off, M_Int32 len)",table,word-tail,confirmed,WIPI_SYSCALL_KIND_DAT_IMPORT,+0x80,anycall_magichole:analysis/decompiled/wipi_mc_grp_spec_adapter.c:1267
39,MC_GRP,MC_grpDestroyImage,void MC_grpDestroyImage(MC_GrpImage img),table,word-tail,confirmed,WIPI_SYSCALL_KIND_DAT_IMPORT,+0x84,anycall_magichole:analysis/decompiled/wipi_mc_grp_spec_adapter.c:1283
40,MC_GRP,MC_grpDecodeNextImage,M_Int32 MC_grpDecodeNextImage(MC_GrpImage dst),table,word-tail,confirmed,WIPI_SYSCALL_KIND_DAT_IMPORT,+0x88,anycall_magichole:analysis/decompiled/wipi_mc_grp_spec_adapter.c:1294
41,MC_GRP,MC_grpEncodeImage,"M_Int16 MC_grpEncodeImage(MC_GrpFrameBuffer src, M_Int32 x, M_Int32 y, M_Int32 w, M_Int32 h, M_Int32 *len)",table,word-tail,confirmed,WIPI_SYSCALL_KIND_DAT_IMPORT,+0x8c,anycall_magichole:analysis/decompiled/wipi_mc_grp_spec_adapter.c:1302
42,MC_GRP,MC_grpPostEvent,"M_Int32 MC_grpPostEvent(M_Int32 id, M_Int32 type, M_Int32 param1, M_Int32 param2)",table,word-tail,confirmed,WIPI_SYSCALL_KIND_DAT_IMPORT,+0x90,anycall_magichole:analysis/decompiled/wipi_mc_grp_spec_adapter.c:1314
43,MC_GRP,MC_grpDrawPolygon,"void MC_grpDrawPolygon(MC_GrpFrameBuffer dst, M_Int32 *xPoints, M_Int32 *yPoints, M_Int32 nPoints, MC_GrpContext *pgc)",table,word-tail,confirmed,WIPI_SYSCALL_KIND_DAT_IMPORT,+0x94,anycall_magichole:analysis/decompiled/wipi_mc_grp_spec_adapter.c:1330
44,MC_GRP,MC_grpDrawFillPolygon,"void MC_grpDrawFillPolygon(MC_GrpFrameBuffer dst, M_Int32 *xPoints, M_Int32 *yPoints, M_Int32 nPoints, MC_GrpContext *pgc)",table,word-tail,confirmed,WIPI_SYSCALL_KIND_DAT_IMPORT,+0x98,anycall_magichole:analysis/decompiled/wipi_mc_grp_spec_adapter.c:1343
45,MC_GRP,MC_grpGetRGBFromPixel,"M_Int32 MC_grpGetRGBFromPixel(M_Int32 pixel, M_Int32 *r, M_Int32 *g, M_Int32 *b)",table,word-tail,confirmed,WIPI_SYSCALL_KIND_DAT_IMPORT,+0x5c,anycall_magichole:analysis/decompiled/wipi_mc_grp_spec_adapter.c:1187
46,MC_FS,MC_fsOpen,"M_Int32 MC_fsOpen(M_Char *name, M_Int32 flag, M_Int32 aMode)",table,word-tail,confirmed,WIPI_SYSCALL_KIND_DAT_IMPORT,+0x00,anycall_magichole:analysis/decompiled/wipi_mc_fs_spec_adapter.c:540
47,MC_FS,MC_fsRead,"M_Int32 MC_fsRead(M_Int32 fd, M_Byte *buf, M_Int32 len)",table,word-tail,confirmed,WIPI_SYSCALL_KIND_DAT_IMPORT,+0x04,anycall_magichole:analysis/decompiled/wipi_mc_fs_spec_adapter.c:586
48,MC_FS,MC_fsWrite,"M_Int32 MC_fsWrite(M_Int32 fd, M_Byte *buf, M_Int32 len)",table,word-tail,confirmed,WIPI_SYSCALL_KIND_DAT_IMPORT,+0x08,anycall_magichole:analysis/decompiled/wipi_mc_fs_spec_adapter.c:616
49,MC_FS,MC_fsClose,M_Int32 MC_fsClose(M_Int32 fd),table,word-tail,confirmed,WIPI_SYSCALL_KIND_DAT_IMPORT,+0x0c,anycall_magichole:analysis/decompiled/wipi_mc_fs_spec_adapter.c:652
50,MC_FS,MC_fsSeek,"M_Int32 MC_fsSeek(M_Int32 fd, M_Int32 pos, M_Int32 where)",table,word-tail,confirmed,WIPI_SYSCALL_KIND_DAT_IMPORT,+0x10,anycall_magichole:analysis/decompiled/wipi_mc_fs_spec_adapter.c:663
51,MC_FS,MC_fsFileAttribute,"M_Int32 MC_fsFileAttribute(M_Char *name, MC_FileInfo *fa, M_Int32 aMode)",table,word-tail,confirmed,WIPI_SYSCALL_KIND_DAT_IMPORT,+0x14,anycall_magichole:analysis/decompiled/wipi_mc_fs_spec_adapter.c:693
52,MC_FS,MC_fsRemove,"M_Int32 MC_fsRemove(M_Char *name, M_Int32 aMode)",table,word-tail,confirmed,WIPI_SYSCALL_KIND_DAT_IMPORT,+0x18,anycall_magichole:analysis/decompiled/wipi_mc_fs_spec_adapter.c:715
53,MC_FS,MC_fsRename,"M_Int32 MC_fsRename(M_Char *oldname, M_Char *newname, M_Int32 aMode)",table,word-tail,confirmed,WIPI_SYSCALL_KIND_DAT_IMPORT,+0x1c,anycall_magichole:analysis/decompiled/wipi_mc_fs_spec_adapter.c:738
54,MC_FS,MC_fsMkDir,"M_Int32 MC_fsMkDir(M_Char *dirName, M_Int32 aMode)",table,word-tail,confirmed,WIPI_SYSCALL_KIND_DAT_IMPORT,+0x20,anycall_magichole:analysis/decompiled/wipi_mc_fs_spec_adapter.c:792
55,MC_FS,MC_fsRmDir,"M_Int32 MC_fsRmDir(M_Char *dirName, M_Int32 aMode)",table,word-tail,confirmed,WIPI_SYSCALL_KIND_DAT_IMPORT,+0x24,anycall_magichole:analysis/decompiled/wipi_mc_fs_spec_adapter.c:805
56,MC_FS,MC_fsList,"M_Int32 MC_fsList(M_Char *name, M_Char *buf, M_Int32 bufSize, M_Int32 aMode)",table,word-tail,confirmed,WIPI_SYSCALL_KIND_DAT_IMPORT,+0x28,anycall_magichole:analysis/decompiled/wipi_mc_fs_spec_adapter.c:833
57,MC_FS,MC_fsTotalSpace,M_Int32 MC_fsTotalSpace(void),table,word-tail,confirmed,WIPI_SYSCALL_KIND_DAT_IMPORT,+0x2c,anycall_magichole:analysis/decompiled/wipi_mc_fs_spec_adapter.c:876
58,MC_FS,MC_fsAvailable,M_Int32 MC_fsAvailable(void),table,word-tail,confirmed,WIPI_SYSCALL_KIND_DAT_IMPORT,+0x30,anycall_magichole:analysis/decompiled/wipi_mc_fs_spec_adapter.c:881
59,MC_FS,MC_fsSetMode,"M_Int32 MC_fsSetMode(M_Char *fileName, M_Int32 fmode, M_Int32 aMode)",table,word-tail,confirmed,WIPI_SYSCALL_KIND_DAT_IMPORT,+0x34,anycall_magichole:analysis/decompiled/wipi_mc_fs_spec_adapter.c:895
60,MC_FS,MC_fsGetCounts,"M_Int32 MC_fsGetCounts(M_Char *dirName, M_Int32 aMode)",table,word-tail,confirmed,WIPI_SYSCALL_KIND_DAT_IMPORT,+0x38,anycall_magichole:analysis/decompiled/wipi_mc_fs_spec_adapter.c:941
61,MC_FS,MC_fsTell,M_Int32 MC_fsTell(M_Int32 fd),table,word-tail,confirmed,WIPI_SYSCALL_KIND_DAT_IMPORT,+0x40,anycall_magichole:analysis/decompiled/wipi_mc_fs_spec_adapter.c:960
62,MC_FS,MC_fsIsExist,"M_Int32 MC_fsIsExist(M_Char *fileName, M_Int32 aMode)",table,word-tail,confirmed,WIPI_SYSCALL_KIND_DAT_IMPORT,+0x3c,anycall_magichole:analysis/decompiled/wipi_mc_fs_spec_adapter.c:967
63,MC_NET,MC_netConnect,"M_Int32 MC_netConnect(NETCONNECTCB cb, void *param)",table,word-tail,confirmed,WIPI_SYSCALL_KIND_DAT_IMPORT,+0x00,anycall_magichole:analysis/decompiled/wipi_mc_net_spec_adapter.c:543
64,MC_NET,MC_netSocketClose,M_Int32 MC_netSocketClose(M_Int32 fd),table,word-tail,confirmed,WIPI_SYSCALL_KIND_DAT_IMPORT,+0x18,anycall_magichole:analysis/decompiled/wipi_mc_net_spec_adapter.c:674
65,MC_NET,MC_netSocket,"M_Int32 MC_netSocket(M_Int32 domain, M_Int32 type)",table,word-tail,confirmed,WIPI_SYSCALL_KIND_DAT_IMPORT,+0x08,anycall_magichole:analysis/decompiled/wipi_mc_net_spec_adapter.c:576
66,MC_NET,MC_netClose,void MC_netClose(void),table,word-tail,confirmed,WIPI_SYSCALL_KIND_DAT_IMPORT,+0x04,anycall_magichole:analysis/decompiled/wipi_mc_net_spec_adapter.c:565
67,MC_NET,MC_netSocketConnect,"M_Int32 MC_netSocketConnect(M_Int32 fd, M_Int32 addr, M_Int16 port, NETSOCKCONNECTCB cb, void *param)",table,word-tail,confirmed,WIPI_SYSCALL_KIND_DAT_IMPORT,+0x0c,anycall_magichole:analysis/decompiled/wipi_mc_net_spec_adapter.c:591
68,MC_NET,MC_netSocketAccept,"M_Int32 MC_netSocketAccept(M_Int32 fd, NETSOCKACCEPTCB cb, void *param)",table,word-tail,confirmed,WIPI_SYSCALL_KIND_DAT_IMPORT,+0x30,anycall_magichole:analysis/decompiled/wipi_mc_net_spec_adapter.c:796
69,MC_NET,MC_netSetReadCB,"M_Int32 MC_netSetReadCB(M_Int32 fd, NETSOCKREADCB cb, void *param)",table,word-tail,confirmed,WIPI_SYSCALL_KIND_DAT_IMPORT,+0x34,anycall_magichole:analysis/decompiled/wipi_mc_net_spec_adapter.c:831
70,MC_NET,MC_netSetWriteCB,"M_Int32 MC_netSetWriteCB(M_Int32 fd, NETSOCKWRITECB cb, void *param)",table,word-tail,confirmed,WIPI_SYSCALL_KIND_DAT_IMPORT,+0x38,anycall_magichole:analysis/decompiled/wipi_mc_net_spec_adapter.c:849
71,MC_NET,MC_netGetHostAddr,"M_Int32 MC_netGetHostAddr(M_Int32 dnsserver, M_Byte *hostname, NETHOSTADDRCB cb, void *param)",table,word-tail,confirmed,WIPI_SYSCALL_KIND_DAT_IMPORT,+0x2c,anycall_magichole:analysis/decompiled/wipi_mc_net_spec_adapter.c:773
72,MC_HTTP,MC_netHttpConnect,"M_Int32 MC_netHttpConnect(M_Int32 fd, NETHTTPCB cb, void *param)",table,word-tail,confirmed,WIPI_SYSCALL_KIND_DAT_IMPORT,+0x04,anycall_magichole:analysis/decompiled/wipi_mc_http_spec_adapter.c:306
73,MC_HTTP,MC_netHttpGetResponseCode,M_Int32 MC_netHttpGetResponseCode(M_Int32 fd),table,word-tail,confirmed,WIPI_SYSCALL_KIND_DAT_IMPORT,+0x20,anycall_magichole:analysis/decompiled/wipi_mc_http_spec_adapter.c:507
74,MC_HTTP,MC_netHttpGetResponseMessage,"M_Int32 MC_netHttpGetResponseMessage(M_Int32 fd, M_Byte *buf, M_Int32 len)",table,word-tail,confirmed,WIPI_SYSCALL_KIND_DAT_IMPORT,+0x24,anycall_magichole:analysis/decompiled/wipi_mc_http_spec_adapter.c:523
75,MC_HTTP,MC_netHttpGetHeaderField,"M_Int32 MC_netHttpGetHeaderField(M_Int32 fd, M_Byte *name, M_Byte *buf, M_Int32 len)",table,word-tail,confirmed,WIPI_SYSCALL_KIND_DAT_IMPORT,+0x28,anycall_magichole:analysis/decompiled/wipi_mc_http_spec_adapter.c:543
76,MC_HTTP,MC_netHttpGetLength,M_Int32 MC_netHttpGetLength(M_Int32 fd),table,word-tail,confirmed,WIPI_SYSCALL_KIND_DAT_IMPORT,+0x2c,anycall_magichole:analysis/decompiled/wipi_mc_http_spec_adapter.c:600
77,MC_HTTP,MC_netHttpGetType,"M_Int32 MC_netHttpGetType(M_Int32 fd, M_Byte *buf, M_Int32 len)",table,word-tail,confirmed,WIPI_SYSCALL_KIND_DAT_IMPORT,+0x30,anycall_magichole:analysis/decompiled/wipi_mc_http_spec_adapter.c:616
78,MC_HTTP,MC_netHttpGetEncoding,"M_Int32 MC_netHttpGetEncoding(M_Int32 fd, M_Byte *buf, M_Int32 len)",table,word-tail,confirmed,WIPI_SYSCALL_KIND_DAT_IMPORT,+0x34,anycall_magichole:analysis/decompiled/wipi_mc_http_spec_adapter.c:636
79,MC_HTTP,MC_netHttpClose,M_Int32 MC_netHttpClose(M_Int32 fd),table,word-tail,confirmed,WIPI_SYSCALL_KIND_DAT_IMPORT,+0x38,anycall_magichole:analysis/decompiled/wipi_mc_http_spec_adapter.c:656
80,MC_HTTP,MC_netHttpOpen,M_Int32 MC_netHttpOpen(M_Byte *url),table,word-tail,confirmed,WIPI_SYSCALL_KIND_DAT_IMPORT,+0x00,anycall_magichole:analysis/decompiled/wipi_mc_http_spec_adapter.c:271
81,MC_NET,MC_netSocketWrite,"M_Int32 MC_netSocketWrite(M_Int32 fd, M_Byte *buf, M_Int32 len)",table,word-tail,confirmed,WIPI_SYSCALL_KIND_DAT_IMPORT,+0x10,anycall_magichole:analysis/decompiled/wipi_mc_net_spec_adapter.c:631
82,MC_NET,MC_netSocketRead,"M_Int32 MC_netSocketRead(M_Int32 fd, M_Byte *buf, M_Int32 len)",table,word-tail,confirmed,WIPI_SYSCALL_KIND_DAT_IMPORT,+0x14,anycall_magichole:analysis/decompiled/wipi_mc_net_spec_adapter.c:655
83,MC_NET,MC_netSocketBind,"M_Int32 MC_netSocketBind(M_Int32 fd, M_Uint32 addr, M_Uint16 port)",table,word-tail,confirmed,WIPI_SYSCALL_KIND_DAT_IMPORT,+0x1c,anycall_magichole:analysis/decompiled/wipi_mc_net_spec_adapter.c:692
84,MC_NET,MC_netGetMaxPacketLength,M_Int32 MC_netGetMaxPacketLength(void),table,word-tail,confirmed,WIPI_SYSCALL_KIND_DAT_IMPORT,+0x20,anycall_magichole:analysis/decompiled/wipi_mc_net_spec_adapter.c:711
85,MC_NET,MC_netSocketSendTo,"M_Int32 MC_netSocketSendTo(M_Int32 fd, M_Byte *buf, M_Int32 len, M_Uint32 addr, M_Uint16 port)",table,word-tail,confirmed,WIPI_SYSCALL_KIND_DAT_IMPORT,+0x24,anycall_magichole:analysis/decompiled/wipi_mc_net_spec_adapter.c:716
86,MC_NET,MC_netSocketRcvFrom,"M_Int32 MC_netSocketRcvFrom(M_Int32 fd, M_Byte *buf, M_Int32 len, M_Uint32 *addr, M_Uint16 *port)",table,word-tail,confirmed,WIPI_SYSCALL_KIND_DAT_IMPORT,+0x28,anycall_magichole:analysis/decompiled/wipi_mc_net_spec_adapter.c:743
87,MC_HTTP,MC_netHttpSetRequestMethod,"M_Int32 MC_netHttpSetRequestMethod(M_Int32 fd, M_Byte *method, M_Byte *msg, M_Int32 msglen)",table,word-tail,confirmed,WIPI_SYSCALL_KIND_DAT_IMPORT,+0x08,anycall_magichole:analysis/decompiled/wipi_mc_http_spec_adapter.c:336
88,MC_HTTP,MC_netHttpGetRequestMethod,"M_Int32 MC_netHttpGetRequestMethod(M_Int32 fd, M_Byte *buf, M_Int32 len)",table,word-tail,confirmed,WIPI_SYSCALL_KIND_DAT_IMPORT,+0x0c,anycall_magichole:analysis/decompiled/wipi_mc_http_spec_adapter.c:364
89,MC_HTTP,MC_netHttpSetRequestProperty,"M_Int32 MC_netHttpSetRequestProperty(M_Int32 fd, M_Byte *key, M_Byte *value)",table,word-tail,confirmed,WIPI_SYSCALL_KIND_DAT_IMPORT,+0x10,anycall_magichole:analysis/decompiled/wipi_mc_http_spec_adapter.c:384
90,MC_HTTP,MC_netHttpGetRequestProperty,"M_Int32 MC_netHttpGetRequestProperty(M_Int32 fd, M_Byte *key, M_Byte *buf, M_Int32 len)",table,word-tail,confirmed,WIPI_SYSCALL_KIND_DAT_IMPORT,+0x14,anycall_magichole:analysis/decompiled/wipi_mc_http_spec_adapter.c:432
91,MC_HTTP,MC_netHttpSetProxy,"M_Int32 MC_netHttpSetProxy(M_Int32 fd, M_Int32 proxyhost, M_Int16 proxyport)",table,word-tail,confirmed,WIPI_SYSCALL_KIND_DAT_IMPORT,+0x18,anycall_magichole:analysis/decompiled/wipi_mc_http_spec_adapter.c:461
92,MC_HTTP,MC_netHttpGetProxy,"M_Int32 MC_netHttpGetProxy(M_Int32 fd, M_Int32 *proxyhost, M_Int16 *proxyport)",table,word-tail,confirmed,WIPI_SYSCALL_KIND_DAT_IMPORT,+0x1c,anycall_magichole:analysis/decompiled/wipi_mc_http_spec_adapter.c:483
93,MC_UTIL,MC_utilHtonl,M_Int32 MC_utilHtonl(M_Int32 val),table,word-tail,confirmed,WIPI_SYSCALL_KIND_DAT_IMPORT,+0x00,anycall_magichole:analysis/decompiled/wipi_mc_util_spec_adapter.c:37
94,MC_UTIL,MC_utilHtons,M_Int16 MC_utilHtons(M_Int16 val),table,word-tail,confirmed,WIPI_SYSCALL_KIND_DAT_IMPORT,+0x04,anycall_magichole:analysis/decompiled/wipi_mc_util_spec_adapter.c:42
95,MC_UTIL,MC_utilNtohl,M_Int32 MC_utilNtohl(M_Int32 val),table,word-tail,confirmed,WIPI_SYSCALL_KIND_DAT_IMPORT,+0x08,anycall_magichole:analysis/decompiled/wipi_mc_util_spec_adapter.c:47
96,MC_UTIL,MC_utilNtohs,M_Int16 MC_utilNtohs(M_Int16 val),table,word-tail,confirmed,WIPI_SYSCALL_KIND_DAT_IMPORT,+0x0c,anycall_magichole:analysis/decompiled/wipi_mc_util_spec_adapter.c:52
97,MC_UTIL,MC_utilInetAddrInt,M_Int32 MC_utilInetAddrInt(M_Byte *addr),table,word-tail,confirmed,WIPI_SYSCALL_KIND_DAT_IMPORT,+0x10,anycall_magichole:analysis/decompiled/wipi_mc_util_spec_adapter.c:184
98,MC_UTIL,MC_utilInetAddrStr,"void MC_utilInetAddrStr(M_Int32 ip, M_Byte *addr)",table,word-tail,confirmed,WIPI_SYSCALL_KIND_DAT_IMPORT,+0x14,anycall_magichole:analysis/decompiled/wipi_mc_util_spec_adapter.c:211
99,MC_MDA,MC_mdaClipPutData,"M_Int32 MC_mdaClipPutData(MC_MdaClip *clip, M_Byte *buf, M_Int32 size)",table,word-tail,confirmed,WIPI_SYSCALL_KIND_DAT_IMPORT,+0x0c,anycall_magichole:analysis/decompiled/wipi_mc_mda_spec_adapter.c:393
100,MC_MDA,MC_mdaClipPutDataByFile,"M_Int32 MC_mdaClipPutDataByFile(MC_MdaClip *clip, M_Byte *filename, M_Int32 size, M_Int32 aMode)",table,word-tail,confirmed,WIPI_SYSCALL_KIND_DAT_IMPORT,+0x10,anycall_magichole:analysis/decompiled/wipi_mc_mda_spec_adapter.c:421
101,MC_MDA,MC_mdaClipCreate,"MC_MdaClip *MC_mdaClipCreate(M_Char *mType, M_Int32 bufSize, MEDIACB cb)",table,word-tail,confirmed,WIPI_SYSCALL_KIND_DAT_IMPORT,+0x00,anycall_magichole:analysis/decompiled/wipi_mc_mda_spec_adapter.c:334
102,MC_MDA,MC_mdaClipFree,M_Int32 MC_mdaClipFree(MC_MdaClip *clip),table,word-tail,confirmed,WIPI_SYSCALL_KIND_DAT_IMPORT,+0x04,anycall_magichole:analysis/decompiled/wipi_mc_mda_spec_adapter.c:360
103,MC_MDA,MC_mdaClipGetType,"M_Int32 MC_mdaClipGetType(MC_MdaClip *clip, M_Byte *buf, M_Int32 bufSize)",table,word-tail,confirmed,WIPI_SYSCALL_KIND_DAT_IMPORT,+0x08,anycall_magichole:analysis/decompiled/wipi_mc_mda_spec_adapter.c:378
104,MC_MDA,MC_mdaClipGetData,"M_Int32 MC_mdaClipGetData(MC_MdaClip *clip, M_Byte *buf, M_Int32 size)",table,word-tail,confirmed,WIPI_SYSCALL_KIND_DAT_IMPORT,+0x14,anycall_magichole:analysis/decompiled/wipi_mc_mda_spec_adapter.c:444
105,MC_MDA,MC_mdaClipAvailableDataSize,M_Int32 MC_mdaClipAvailableDataSize(MC_MdaClip *clip),table,word-tail,confirmed,WIPI_SYSCALL_KIND_DAT_IMPORT,+0x18,anycall_magichole:analysis/decompiled/wipi_mc_mda_spec_adapter.c:470
106,MC_MDA,MC_mdaClipClearData,M_Int32 MC_mdaClipClearData(MC_MdaClip *clip),table,word-tail,confirmed,WIPI_SYSCALL_KIND_DAT_IMPORT,+0x1c,anycall_magichole:analysis/decompiled/wipi_mc_mda_spec_adapter.c:481
107,MC_MDA,MC_mdaClipSetPosition,"M_Int32 MC_mdaClipSetPosition(MC_MdaClip *clip, M_Int32 ms)",table,word-tail,confirmed,WIPI_SYSCALL_KIND_DAT_IMPORT,+0x20,anycall_magichole:analysis/decompiled/wipi_mc_mda_spec_adapter.c:499
108,MC_MDA,MC_mdaClipGetVolume,M_Int32 MC_mdaClipGetVolume(MC_MdaClip *clip),table,word-tail,confirmed,WIPI_SYSCALL_KIND_DAT_IMPORT,+0x24,anycall_magichole:analysis/decompiled/wipi_mc_mda_spec_adapter.c:514
109,MC_MDA,MC_mdaClipSetVolume,"void MC_mdaClipSetVolume(MC_MdaClip *clip, M_Int32 level)",table,word-tail,confirmed,WIPI_SYSCALL_KIND_DAT_IMPORT,+0x28,anycall_magichole:analysis/decompiled/wipi_mc_mda_spec_adapter.c:525
110,MC_MDA,MC_mdaPlay,"M_Int32 MC_mdaPlay(MC_MdaClip *clip, M_Boolean repeat)",table,word-tail,confirmed,WIPI_SYSCALL_KIND_DAT_IMPORT,+0x2c,anycall_magichole:analysis/decompiled/wipi_mc_mda_spec_adapter.c:533
111,MC_MDA,MC_mdaPause,M_Int32 MC_mdaPause(MC_MdaClip *clip),table,word-tail,confirmed,WIPI_SYSCALL_KIND_DAT_IMPORT,+0x30,anycall_magichole:analysis/decompiled/wipi_mc_mda_spec_adapter.c:556
112,MC_MDA,MC_mdaResume,M_Int32 MC_mdaResume(MC_MdaClip *clip),table,word-tail,confirmed,WIPI_SYSCALL_KIND_DAT_IMPORT,+0x34,anycall_magichole:analysis/decompiled/wipi_mc_mda_spec_adapter.c:574
113,MC_MDA,MC_mdaStop,M_Int32 MC_mdaStop(MC_MdaClip *clip),table,word-tail,confirmed,WIPI_SYSCALL_KIND_DAT_IMPORT,+0x38,anycall_magichole:analysis/decompiled/wipi_mc_mda_spec_adapter.c:591
114,MC_MDA,MC_mdaRecord,M_Int32 MC_mdaRecord(MC_MdaClip *clip),table,word-tail,confirmed,WIPI_SYSCALL_KIND_DAT_IMPORT,+0x3c,anycall_magichole:analysis/decompiled/wipi_mc_mda_spec_adapter.c:610
115,MC_MDA,MC_mdaGetVolume,M_Int32 MC_mdaGetVolume(void),table,word-tail,confirmed,WIPI_SYSCALL_KIND_DAT_IMPORT,+0x40,anycall_magichole:analysis/decompiled/wipi_mc_mda_spec_adapter.c:632
116,MC_MDA,MC_mdaSetVolume,void MC_mdaSetVolume(M_Int32 value),table,word-tail,confirmed,WIPI_SYSCALL_KIND_DAT_IMPORT,+0x44,anycall_magichole:analysis/decompiled/wipi_mc_mda_spec_adapter.c:638
117,MC_MDA,MC_mdaVibrator,"void MC_mdaVibrator(M_Int32 level, M_Int32 timeout)",table,word-tail,confirmed,WIPI_SYSCALL_KIND_DAT_IMPORT,+0x48,anycall_magichole:analysis/decompiled/wipi_mc_mda_spec_adapter.c:644
118,MC_MDA,MC_mdaSetMuteState,"M_Int32 MC_mdaSetMuteState(M_Int32 source, M_Boolean bmute)",table,word-tail,confirmed,WIPI_SYSCALL_KIND_DAT_IMPORT,+0x4c,anycall_magichole:analysis/decompiled/wipi_mc_mda_spec_adapter.c:660
119,MC_MDA,MC_mdaGetMuteState,M_Boolean MC_mdaGetMuteState(M_Int32 source),table,word-tail,confirmed,WIPI_SYSCALL_KIND_DAT_IMPORT,+0x50,anycall_magichole:analysis/decompiled/wipi_mc_mda_spec_adapter.c:670
120,MC_MISC,MC_miscBackLight,"M_Int32 MC_miscBackLight(M_Int32 id, MC_BackLight on_off, M_Int32 color, M_Int32 timeout)",table,word-tail,confirmed,WIPI_SYSCALL_KIND_PROVIDER_TABLE,+0x00,anycall_magichole:analysis/decompiled/wipi_mc_misc_spec_adapter.c:111
121,MC_MISC,MC_miscSetLed,void MC_miscSetLed(M_Int32 leds),table,word-tail,confirmed,WIPI_SYSCALL_KIND_PROVIDER_TABLE,+0x04,anycall_magichole:analysis/decompiled/wipi_mc_misc_spec_adapter.c:136
122,MC_MISC,MC_miscGetLed,M_Int32 MC_miscGetLed(void),table,word-tail,confirmed,WIPI_SYSCALL_KIND_PROVIDER_TABLE,+0x08,anycall_magichole:analysis/decompiled/wipi_mc_misc_spec_adapter.c:143
123,MC_MISC,MC_miscGetLedCount,M_Int32 MC_miscGetLedCount(void),table,word-tail,confirmed,WIPI_SYSCALL_KIND_PROVIDER_TABLE,+0x0c,anycall_magichole:analysis/decompiled/wipi_mc_misc_spec_adapter.c:150
124,MC_PHN,MC_phnCallPlace,M_Int32 MC_phnCallPlace(M_Byte *phonenumber),table,word-tail,confirmed,WIPI_SYSCALL_KIND_REGISTRY_GROUP,+0x00,anycall_magichole:analysis/decompiled/wipi_mc_phn_spec_adapter.c:397
125,MC_DB,MC_dbOpenDataBase,"M_Int32 MC_dbOpenDataBase(M_Char *dataBaseName, M_Int32 recordSize, M_Boolean create, M_Int32 mode)",table,word-tail,confirmed,WIPI_SYSCALL_KIND_REGISTRY_GROUP,+0x00,anycall_magichole:analysis/decompiled/wipi_mc_db_spec_adapter.c:234
126,MC_DB,MC_dbCloseDataBase,M_Int32 MC_dbCloseDataBase(M_Int32 dbId),table,word-tail,confirmed,WIPI_SYSCALL_KIND_REGISTRY_GROUP,+0x04,anycall_magichole:analysis/decompiled/wipi_mc_db_spec_adapter.c:273
127,MC_DB,MC_dbDeleteDataBase,"M_Int32 MC_dbDeleteDataBase(M_Char *dataBaseName, M_Int32 mode)",table,word-tail,confirmed,WIPI_SYSCALL_KIND_REGISTRY_GROUP,+0x08,anycall_magichole:analysis/decompiled/wipi_mc_db_spec_adapter.c:284
128,MC_DB,MC_dbInsertRecord,"M_Int32 MC_dbInsertRecord(M_Int32 dbId, M_Byte *buf, M_Int32 len)",table,word-tail,confirmed,WIPI_SYSCALL_KIND_REGISTRY_GROUP,+0x0c,anycall_magichole:analysis/decompiled/wipi_mc_db_spec_adapter.c:311
129,MC_DB,MC_dbSelectRecord,"M_Int32 MC_dbSelectRecord(M_Int32 dbId, M_Int32 recId, M_Byte *buf, M_Int32 len)",table,word-tail,confirmed,WIPI_SYSCALL_KIND_REGISTRY_GROUP,+0x10,anycall_magichole:analysis/decompiled/wipi_mc_db_spec_adapter.c:342
130,MC_DB,MC_dbUpdateRecord,"M_Int32 MC_dbUpdateRecord(M_Int32 dbId, M_Int32 recId, M_Byte *buf, M_Int32 len)",table,word-tail,confirmed,WIPI_SYSCALL_KIND_REGISTRY_GROUP,+0x14,anycall_magichole:analysis/decompiled/wipi_mc_db_spec_adapter.c:365
131,MC_DB,MC_dbDeleteRecord,"M_Int32 MC_dbDeleteRecord(M_Int32 dbId, M_Int32 recId)",table,word-tail,confirmed,WIPI_SYSCALL_KIND_REGISTRY_GROUP,+0x18,anycall_magichole:analysis/decompiled/wipi_mc_db_spec_adapter.c:388
132,MC_DB,MC_dbListRecords,"M_Int32 MC_dbListRecords(M_Int32 dbId, M_Int32 *buf, M_Int32 len)",table,word-tail,confirmed,WIPI_SYSCALL_KIND_REGISTRY_GROUP,+0x1c,anycall_magichole:analysis/decompiled/wipi_mc_db_spec_adapter.c:406
133,MC_DB,MC_dbSortRecords,"M_Int32 MC_dbSortRecords(M_Int32 dbId, M_Int32 *buf, M_Int32 len, M_Int32 (*compare)(const void *, const void *), M_Int32 (*filter)(const void *))",table,word-tail,confirmed,WIPI_SYSCALL_KIND_REGISTRY_GROUP,+0x20,anycall_magichole:analysis/decompiled/wipi_mc_db_spec_adapter.c:433
134,MC_DB,MC_dbGetAccessMode,M_Int32 MC_dbGetAccessMode(M_Char *dataBaseName),table,word-tail,confirmed,WIPI_SYSCALL_KIND_REGISTRY_GROUP,+0x24,anycall_magichole:analysis/decompiled/wipi_mc_db_spec_adapter.c:498
135,MC_DB,MC_dbGetNumberOfRecords,M_Int32 MC_dbGetNumberOfRecords(M_Int32 dbId),table,word-tail,confirmed,WIPI_SYSCALL_KIND_REGISTRY_GROUP,+0x28,anycall_magichole:analysis/decompiled/wipi_mc_db_spec_adapter.c:519
136,MC_DB,MC_dbGetRecordSize,M_Int32 MC_dbGetRecordSize(M_Int32 dbId),table,word-tail,confirmed,WIPI_SYSCALL_KIND_REGISTRY_GROUP,+0x2c,anycall_magichole:analysis/decompiled/wipi_mc_db_spec_adapter.c:529
137,MC_DB,MC_dbListDataBases,"M_Int32 MC_dbListDataBases(M_Byte *buf, M_Int32 len)",table,word-tail,confirmed,WIPI_SYSCALL_KIND_REGISTRY_GROUP,+0x30,anycall_magichole:analysis/decompiled/wipi_mc_db_spec_adapter.c:539
138,MC_KNL,MC_knlCalloc,M_Uint32 MC_knlCalloc(M_Int32 size),table,word-tail,confirmed,WIPI_SYSCALL_KIND_DAT_IMPORT,+0x54,anycall_magichole:analysis/decompiled/wipi_mc_knl_spec_adapter.c:1119
139,MC_KNL,MC_knlFree,void MC_knlFree(M_Uint32 mID),table,word-tail,confirmed,WIPI_SYSCALL_KIND_DAT_IMPORT,+0x58,anycall_magichole:analysis/decompiled/wipi_mc_knl_spec_adapter.c:1124
140,MC_KNL,MC_knlGetFreeMemory,M_Int32 MC_knlGetFreeMemory(void),table,word-tail,confirmed,WIPI_SYSCALL_KIND_DAT_IMPORT,+0x60,anycall_magichole:analysis/decompiled/wipi_mc_knl_spec_adapter.c:1141
141,MC_KNL,MC_knlPrintk,"int MC_knlPrintk(M_Char *format, ...)",table,variadic-unverified,confirmed,WIPI_SYSCALL_KIND_DAT_IMPORT,+0x00,anycall_magichole:analysis/decompiled/wipi_mc_knl_spec_adapter.c:742
142,MC_KNL,MC_knlGetResourceID,"M_Int32 MC_knlGetResourceID(M_Char *resourceName, M_Int32 *size)",table,word-tail,confirmed,WIPI_SYSCALL_KIND_DAT_IMPORT,+0x7c,anycall_magichole:analysis/decompiled/wipi_mc_knl_spec_adapter.c:1238
143,MC_KNL,MC_knlGetResource,"M_Int32 MC_knlGetResource(M_Int32 resourceID, void *buf, M_Int32 bufSize)",table,word-tail,confirmed,WIPI_SYSCALL_KIND_DAT_IMPORT,+0x80,anycall_magichole:analysis/decompiled/wipi_mc_knl_spec_adapter.c:1256
144,MC_KNL,MC_knlDefTimer,"void MC_knlDefTimer(MCTimer *tm, TIMERCB cb)",table,word-tail,confirmed,WIPI_SYSCALL_KIND_DAT_IMPORT,+0x64,anycall_magichole:analysis/decompiled/wipi_mc_knl_spec_adapter.c:1146
145,MC_KNL,MC_knlSprintk,"int MC_knlSprintk(M_Char *buf, M_Char *format, ...)",table,variadic-unverified,confirmed,WIPI_SYSCALL_KIND_DAT_IMPORT,+0x04,anycall_magichole:analysis/decompiled/wipi_mc_knl_spec_adapter.c:764
146,MC_KNL,MC_knlGetExecNames,"M_Int32 MC_knlGetExecNames(M_Char *prgName, M_Char *version, M_Char *vendor, M_Char *buf, M_Int32 bufSize)",table,word-tail,confirmed,WIPI_SYSCALL_KIND_DAT_IMPORT,+0x08,anycall_magichole:analysis/decompiled/wipi_mc_knl_spec_adapter.c:779
147,MC_KNL,MC_knlExecute,"M_Int32 MC_knlExecute(M_Char *execName, M_Int32 parmCnt, ...)",table,variadic-unverified,confirmed,WIPI_SYSCALL_KIND_DAT_IMPORT,+0x0c,anycall_magichole:analysis/decompiled/wipi_mc_knl_spec_adapter.c:823
148,MC_KNL,MC_knlExit,void MC_knlExit(M_Int32 exitCode),table,word-tail,confirmed,WIPI_SYSCALL_KIND_DAT_IMPORT,+0x1c,anycall_magichole:analysis/decompiled/wipi_mc_knl_spec_adapter.c:882
149,MC_KNL,MC_knlProgramStop,M_Int32 MC_knlProgramStop(M_Int32 prgID),table,word-tail,confirmed,WIPI_SYSCALL_KIND_DAT_IMPORT,+0x20,anycall_magichole:analysis/decompiled/wipi_mc_knl_spec_adapter.c:891
150,MC_KNL,MC_knlGetCurProgramID,M_Int32 MC_knlGetCurProgramID(void),table,word-tail,confirmed,WIPI_SYSCALL_KIND_DAT_IMPORT,+0x24,anycall_magichole:analysis/decompiled/wipi_mc_knl_spec_adapter.c:918
151,MC_KNL,MC_knlGetParentProgramID,M_Int32 MC_knlGetParentProgramID(void),table,word-tail,confirmed,WIPI_SYSCALL_KIND_DAT_IMPORT,+0x28,anycall_magichole:analysis/decompiled/wipi_mc_knl_spec_adapter.c:927
152,MC_KNL,MC_knlGetAppManagerID,M_Int32 MC_knlGetAppManagerID(void),table,word-tail,confirmed,WIPI_SYSCALL_KIND_DAT_IMPORT,+0x2c,anycall_magichole:analysis/decompiled/wipi_mc_knl_spec_adapter.c:939
153,MC_KNL,MC_knlGetProgramInfo,"M_Int32 MC_knlGetProgramInfo(M_Int32 *buf, M_Int32 bufSize)",table,word-tail,confirmed,WIPI_SYSCALL_KIND_DAT_IMPORT,+0x30,anycall_magichole:analysis/decompiled/wipi_mc_knl_spec_adapter.c:948
154,MC_KNL,MC_knlGetAccessLevel,M_Int32 MC_knlGetAccessLevel(void),table,word-tail,confirmed,WIPI_SYSCALL_KIND_DAT_IMPORT,+0x34,anycall_magichole:analysis/decompiled/wipi_mc_knl_spec_adapter.c:991
155,MC_KNL,MC_knlGetProgramName,"M_Int32 MC_knlGetProgramName(M_Char *nameBuf, M_Int32 bufSize)",table,word-tail,confirmed,WIPI_SYSCALL_KIND_DAT_IMPORT,+0x38,anycall_magichole:analysis/decompiled/wipi_mc_knl_spec_adapter.c:1003
156,MC_KNL,MC_knlCreateSharedBuf,"void *MC_knlCreateSharedBuf(const M_Char *name, M_Int32 size)",table,word-tail,confirmed,WIPI_SYSCALL_KIND_DAT_IMPORT,+0x3c,anycall_magichole:analysis/decompiled/wipi_mc_knl_spec_adapter.c:1019
157,MC_KNL,MC_knlDestroySharedBuf,M_Int32 MC_knlDestroySharedBuf(void *buf),table,word-tail,confirmed,WIPI_SYSCALL_KIND_DAT_IMPORT,+0x4c,anycall_magichole:analysis/decompiled/wipi_mc_knl_spec_adapter.c:1041
158,MC_KNL,MC_knlGetSharedBuf,void *MC_knlGetSharedBuf(const M_Char *name),table,word-tail,confirmed,WIPI_SYSCALL_KIND_DAT_IMPORT,+0x40,anycall_magichole:analysis/decompiled/wipi_mc_knl_spec_adapter.c:1054
159,MC_KNL,MC_knlGetSharedBufSize,M_Int32 MC_knlGetSharedBufSize(void *buf),table,word-tail,confirmed,WIPI_SYSCALL_KIND_DAT_IMPORT,+0x44,anycall_magichole:analysis/decompiled/wipi_mc_knl_spec_adapter.c:1064
160,MC_KNL,MC_knlResizeSharedBuf,"void *MC_knlResizeSharedBuf(void *buf, M_Int32 size)",table,word-tail,confirmed,WIPI_SYSCALL_KIND_DAT_IMPORT,+0x48,anycall_magichole:analysis/decompiled/wipi_mc_knl_spec_adapter.c:1074
161,MC_KNL,MC_knlAlloc,M_Uint32 MC_knlAlloc(M_Int32 size),table,word-tail,confirmed,WIPI_SYSCALL_KIND_DAT_IMPORT,+0x50,anycall_magichole:analysis/decompiled/wipi_mc_knl_spec_adapter.c:1114
162,MC_KNL,MC_knlGetTotalMemory,M_Int32 MC_knlGetTotalMemory(void),table,word-tail,confirmed,WIPI_SYSCALL_KIND_DAT_IMPORT,+0x5c,anycall_magichole:analysis/decompiled/wipi_mc_knl_spec_adapter.c:1136
163,MC_KNL,MC_knlSetTimer,"M_Int32 MC_knlSetTimer(MCTimer *tm, M_Int64 timeout, void *parm)",table,aapcs-to-packed-i64,confirmed,WIPI_SYSCALL_KIND_DAT_IMPORT,+0x68,anycall_magichole:analysis/decompiled/wipi_mc_knl_spec_adapter.c:1155
164,MC_KNL,MC_knlUnsetTimer,void MC_knlUnsetTimer(MCTimer *tm),table,word-tail,confirmed,WIPI_SYSCALL_KIND_DAT_IMPORT,+0x6c,anycall_magichole:analysis/decompiled/wipi_mc_knl_spec_adapter.c:1185
165,MC_KNL,MC_knlCurrentTime,M_Int64 MC_knlCurrentTime(void),table,return-i64,confirmed,WIPI_SYSCALL_KIND_DAT_IMPORT,+0x70,anycall_magichole:analysis/decompiled/wipi_mc_knl_spec_adapter.c:1197
166,MC_KNL,MC_knlGetSystemProperty,"M_Int32 MC_knlGetSystemProperty(M_Char *id, M_Char *rtnBuf, M_Int32 bufSize)",table,word-tail,confirmed,WIPI_SYSCALL_KIND_DAT_IMPORT,+0x74,anycall_magichole:analysis/decompiled/wipi_mc_knl_spec_adapter.c:1205
167,MC_KNL,MC_knlSetSystemProperty,"M_Int32 MC_knlSetSystemProperty(M_Char *id, M_Char *buf)",table,word-tail,confirmed,WIPI_SYSCALL_KIND_DAT_IMPORT,+0x78,anycall_magichole:analysis/decompiled/wipi_mc_knl_spec_adapter.c:1227
168,MC_UIC,MC_uicCreateApplicationContext,MC_UicApplicationContext MC_uicCreateApplicationContext(void),table,word-tail,confirmed,WIPI_SYSCALL_KIND_PROVIDER_TABLE,+0x00,anycall_magichole:analysis/decompiled/wipi_mc_uic_spec_adapter.c:466
169,MC_UIC,MC_uicGetClass,MC_UicClass MC_uicGetClass(M_Uint8 *psz),table,word-tail,confirmed,WIPI_SYSCALL_KIND_PROVIDER_TABLE,+0x04,anycall_magichole:analysis/decompiled/wipi_mc_uic_spec_adapter.c:479
170,MC_UIC,MC_uicCreate,"MC_UicComponent MC_uicCreate(MC_UicApplicationContext pac, MC_UicClass cls)",table,word-tail,confirmed,WIPI_SYSCALL_KIND_PROVIDER_TABLE,+0x08,anycall_magichole:analysis/decompiled/wipi_mc_uic_spec_adapter.c:502
171,MC_UIC,MC_uicDestroy,void MC_uicDestroy(MC_UicComponent cc),table,word-tail,confirmed,WIPI_SYSCALL_KIND_PROVIDER_TABLE,+0x0c,anycall_magichole:analysis/decompiled/wipi_mc_uic_spec_adapter.c:537
172,MC_UIC,MC_uicRepaint,"void MC_uicRepaint(MC_UicComponent cc, M_Int32 x, M_Int32 y, M_Int32 w, M_Int32 h)",table,word-tail,confirmed,WIPI_SYSCALL_KIND_PROVIDER_TABLE,+0x10,anycall_magichole:analysis/decompiled/wipi_mc_uic_spec_adapter.c:552
173,MC_UIC,MC_uicPaint,"void MC_uicPaint(MC_UicComponent cc, MC_GrpContext *pgc)",table,word-tail,confirmed,WIPI_SYSCALL_KIND_PROVIDER_TABLE,+0x14,anycall_magichole:analysis/decompiled/wipi_mc_uic_spec_adapter.c:571
174,MC_UIC,MC_uicGetClassName,M_Uint8 *MC_uicGetClassName(MC_UicComponent cc),table,word-tail,confirmed,WIPI_SYSCALL_KIND_PROVIDER_TABLE,+0x18,anycall_magichole:analysis/decompiled/wipi_mc_uic_spec_adapter.c:583
175,MC_UIC,MC_uicIsInstance,"M_Uint32 MC_uicIsInstance(MC_UicComponent cc, M_Uint8 *pcls)",table,word-tail,confirmed,WIPI_SYSCALL_KIND_PROVIDER_TABLE,+0x1c,anycall_magichole:analysis/decompiled/wipi_mc_uic_spec_adapter.c:590
176,MC_UIC,MC_uicHandleEvent,"M_Int32 MC_uicHandleEvent(MC_UicComponent cc, M_Int32 type, M_Int32 param1, M_Int32 param2)",table,word-tail,confirmed,WIPI_SYSCALL_KIND_PROVIDER_TABLE,+0x20,anycall_magichole:analysis/decompiled/wipi_mc_uic_spec_adapter.c:600
177,MC_UIC,MC_uicConfigure,"void MC_uicConfigure(MC_UicComponent cc, M_Int32 x, M_Int32 y, M_Int32 w, M_Int32 h, M_Int32 mask)",table,word-tail,confirmed,WIPI_SYSCALL_KIND_PROVIDER_TABLE,+0x24,anycall_magichole:analysis/decompiled/wipi_mc_uic_spec_adapter.c:617
178,MC_UIC,MC_uicGetGeometry,"void MC_uicGetGeometry(MC_UicComponent cc, M_Int32 *px, M_Int32 *py, M_Int32 *pw, M_Int32 *ph)",table,word-tail,confirmed,WIPI_SYSCALL_KIND_PROVIDER_TABLE,+0x28,anycall_magichole:analysis/decompiled/wipi_mc_uic_spec_adapter.c:635
179,MC_UIC,MC_uicSetEnable,"void MC_uicSetEnable(MC_UicComponent cc, M_Int32 enable)",table,word-tail,confirmed,WIPI_SYSCALL_KIND_PROVIDER_TABLE,+0x2c,anycall_magichole:analysis/decompiled/wipi_mc_uic_spec_adapter.c:657
180,MC_UIC,MC_uicSetCallback,"MC_UicCallbackProc MC_uicSetCallback(MC_UicComponent cc, M_Int32 idx, MC_UicCallbackProc proc, M_Int32 clientData)",table,word-tail,confirmed,WIPI_SYSCALL_KIND_PROVIDER_TABLE,+0x30,anycall_magichole:analysis/decompiled/wipi_mc_uic_spec_adapter.c:682
181,MC_UIC,MC_uicSetEventHandler,"MC_UicEventHandlerProc MC_uicSetEventHandler(MC_UicComponent cc, MC_UicEventHandlerProc handler)",table,word-tail,confirmed,WIPI_SYSCALL_KIND_PROVIDER_TABLE,+0x34,anycall_magichole:analysis/decompiled/wipi_mc_uic_spec_adapter.c:697
182,MC_UIC,MC_uicSetFont,"M_Int32 MC_uicSetFont(MC_UicComponent cc, M_Int32 fontid)",table,word-tail,confirmed,WIPI_SYSCALL_KIND_PROVIDER_TABLE,+0x38,anycall_magichole:analysis/decompiled/wipi_mc_uic_spec_adapter.c:711
183,MC_UIC,MC_uicGetFont,M_Int32 MC_uicGetFont(MC_UicComponent cc),table,word-tail,confirmed,WIPI_SYSCALL_KIND_PROVIDER_TABLE,+0x3c,anycall_magichole:analysis/decompiled/wipi_mc_uic_spec_adapter.c:724
184,MC_UIC,MC_uicSetFgColor,"void MC_uicSetFgColor(MC_UicComponent cc, M_Int32 nColor)",table,word-tail,confirmed,WIPI_SYSCALL_KIND_PROVIDER_TABLE,+0x40,anycall_magichole:analysis/decompiled/wipi_mc_uic_spec_adapter.c:731
185,MC_UIC,MC_uicSetBgColor,"void MC_uicSetBgColor(MC_UicComponent cc, M_Int32 nColor)",table,word-tail,confirmed,WIPI_SYSCALL_KIND_PROVIDER_TABLE,+0x44,anycall_magichole:analysis/decompiled/wipi_mc_uic_spec_adapter.c:740
186,MC_UIC,MC_uicSetLabel,"void MC_uicSetLabel(MC_UicComponent cc, M_Uint8 *psz)",table,word-tail,confirmed,WIPI_SYSCALL_KIND_PROVIDER_TABLE,+0x48,anycall_magichole:analysis/decompiled/wipi_mc_uic_spec_adapter.c:749
187,MC_UIC,MC_uicGetLabel,M_Uint8 *MC_uicGetLabel(MC_UicComponent cc),table,word-tail,confirmed,WIPI_SYSCALL_KIND_PROVIDER_TABLE,+0x4c,anycall_magichole:analysis/decompiled/wipi_mc_uic_spec_adapter.c:766
188,MC_UIC,MC_uicSetlabelAlignment,"M_Int32 MC_uicSetlabelAlignment(MC_UicComponent cc, M_Int32 align)",table,word-tail,confirmed,WIPI_SYSCALL_KIND_PROVIDER_TABLE,+0x50,anycall_magichole:analysis/decompiled/wipi_mc_uic_spec_adapter.c:776
189,MC_UIC,MC_uicSetTimeMask,"M_Int32 MC_uicSetTimeMask(MC_UicComponent cc, M_Int32 mask)",table,word-tail,confirmed,WIPI_SYSCALL_KIND_PROVIDER_TABLE,+0x54,anycall_magichole:analysis/decompiled/wipi_mc_uic_spec_adapter.c:790
190,MC_UIC,MC_uicSetTime,"void MC_uicSetTime(MC_UicComponent cc, struct tm *pd)",table,word-tail,confirmed,WIPI_SYSCALL_KIND_PROVIDER_TABLE,+0x58,anycall_magichole:analysis/decompiled/wipi_mc_uic_spec_adapter.c:803
191,MC_UIC,MC_uicSetTimeLong,"void MC_uicSetTimeLong(MC_UicComponent cc, time_t time_value)",table,word-tail,confirmed,WIPI_SYSCALL_KIND_PROVIDER_TABLE,+0x5c,anycall_magichole:analysis/decompiled/wipi_mc_uic_spec_adapter.c:814
192,MC_UIC,MC_uicGetTime,"void MC_uicGetTime(MC_UicComponent cc, struct tm *pd)",table,word-tail,confirmed,WIPI_SYSCALL_KIND_PROVIDER_TABLE,+0x60,anycall_magichole:analysis/decompiled/wipi_mc_uic_spec_adapter.c:823
193,MC_UIC,MC_uicAddMenuItem,"M_Int32 MC_uicAddMenuItem(MC_UicComponent cc, M_Uint8 *psz, MC_GrpImage img)",table,word-tail,confirmed,WIPI_SYSCALL_KIND_PROVIDER_TABLE,+0x64,anycall_magichole:analysis/decompiled/wipi_mc_uic_spec_adapter.c:832
194,MC_UIC,MC_uicGetMenuItem,"M_Int32 MC_uicGetMenuItem(MC_UicComponent cc, M_Uint32 idx, M_Uint8 *psz, M_Int32 buflen, MC_GrpImage *img)",table,word-tail,confirmed,WIPI_SYSCALL_KIND_PROVIDER_TABLE,+0x68,anycall_magichole:analysis/decompiled/wipi_mc_uic_spec_adapter.c:847
195,MC_UIC,MC_uicRemoveMenuItem,"M_Int32 MC_uicRemoveMenuItem(MC_UicComponent cc, M_Uint32 idx)",table,word-tail,confirmed,WIPI_SYSCALL_KIND_PROVIDER_TABLE,+0x6c,anycall_magichole:analysis/decompiled/wipi_mc_uic_spec_adapter.c:859
196,MC_UIC,MC_uicSetActiveMenuItem,"M_Int32 MC_uicSetActiveMenuItem(MC_UicComponent cc, M_Int32 idx)",table,word-tail,confirmed,WIPI_SYSCALL_KIND_PROVIDER_TABLE,+0x70,anycall_magichole:analysis/decompiled/wipi_mc_uic_spec_adapter.c:877
197,MC_UIC,MC_uicGetActiveMenuItem,M_Int32 MC_uicGetActiveMenuItem(MC_UicComponent cc),table,word-tail,confirmed,WIPI_SYSCALL_KIND_PROVIDER_TABLE,+0x74,anycall_magichole:analysis/decompiled/wipi_mc_uic_spec_adapter.c:893
198,MC_UIC,MC_uicInsertText,"M_Int32 MC_uicInsertText(MC_UicComponent cc, M_Int32 idx, M_Uint8 *psz, M_Int32 len)",table,word-tail,confirmed,WIPI_SYSCALL_KIND_PROVIDER_TABLE,+0x78,anycall_magichole:analysis/decompiled/wipi_mc_uic_spec_adapter.c:901
199,MC_UIC,MC_uicDeleteText,"void MC_uicDeleteText(MC_UicComponent cc, M_Int32 idx, M_Int32 len)",table,word-tail,confirmed,WIPI_SYSCALL_KIND_PROVIDER_TABLE,+0x7c,anycall_magichole:analysis/decompiled/wipi_mc_uic_spec_adapter.c:941
200,MC_UIC,MC_uicGetMaxTextSize,M_Int32 MC_uicGetMaxTextSize(MC_UicComponent cc),table,word-tail,confirmed,WIPI_SYSCALL_KIND_PROVIDER_TABLE,+0x80,anycall_magichole:analysis/decompiled/wipi_mc_uic_spec_adapter.c:961
201,MC_UIC,MC_uicSetMaxTextSize,"M_Int32 MC_uicSetMaxTextSize(MC_UicComponent cc, M_Int32 max)",table,word-tail,confirmed,WIPI_SYSCALL_KIND_PROVIDER_TABLE,+0x84,anycall_magichole:analysis/decompiled/wipi_mc_uic_spec_adapter.c:969
202,MC_UIC,MC_uicGetTextSize,M_Int32 MC_uicGetTextSize(MC_UicComponent cc),table,word-tail,confirmed,WIPI_SYSCALL_KIND_PROVIDER_TABLE,+0x88,anycall_magichole:analysis/decompiled/wipi_mc_uic_spec_adapter.c:985
203,MC_UIC,MC_uicGetText,"M_Int32 MC_uicGetText(MC_UicComponent cc, M_Int32 idx, M_Uint8 *pszBuf, M_Int32 len)",table,word-tail,confirmed,WIPI_SYSCALL_KIND_PROVIDER_TABLE,+0x8c,anycall_magichole:analysis/decompiled/wipi_mc_uic_spec_adapter.c:993
204,MC_UIC,MC_uicAddListItem,"M_Int32 MC_uicAddListItem(MC_UicComponent cc, M_Uint8 *psz, MC_GrpImage img)",table,word-tail,confirmed,WIPI_SYSCALL_KIND_PROVIDER_TABLE,+0x90,anycall_magichole:analysis/decompiled/wipi_mc_uic_spec_adapter.c:1020
205,MC_UIC,MC_uicGetListItem,"M_Int32 MC_uicGetListItem(MC_UicComponent cc, M_Uint32 idx, M_Uint8 *psz, M_Int32 buflen, MC_GrpImage *img)",table,word-tail,confirmed,WIPI_SYSCALL_KIND_PROVIDER_TABLE,+0x94,anycall_magichole:analysis/decompiled/wipi_mc_uic_spec_adapter.c:1035
206,MC_UIC,MC_uicRemoveListItem,"M_Int32 MC_uicRemoveListItem(MC_UicComponent cc, M_Uint32 idx)",table,word-tail,confirmed,WIPI_SYSCALL_KIND_PROVIDER_TABLE,+0x98,anycall_magichole:analysis/decompiled/wipi_mc_uic_spec_adapter.c:1047
207,MC_UIC,MC_uicSetActiveListItem,"M_Int32 MC_uicSetActiveListItem(MC_UicComponent cc, M_Int32 idx)",table,word-tail,confirmed,WIPI_SYSCALL_KIND_PROVIDER_TABLE,+0x9c,anycall_magichole:analysis/decompiled/wipi_mc_uic_spec_adapter.c:1065
208,MC_UIC,MC_uicGetActiveListItem,M_Int32 MC_uicGetActiveListItem(MC_UicComponent cc),table,word-tail,confirmed,WIPI_SYSCALL_KIND_PROVIDER_TABLE,+0xa0,anycall_magichole:analysis/decompiled/wipi_mc_uic_spec_adapter.c:1081
209,CSTDLIB,strcpy,"char *strcpy(char *dst, const char *src)",local,local-word,confirmed,WIPI_SYSCALL_KIND_DAT_IMPORT,+0x00,anycall_magichole:analysis/decompiled/wipi_cstdlib_spec_adapter.c:270
210,CSTDLIB,strncpy,"char *strncpy(char *dst, const char *src, size_t n)",local,local-word,confirmed,WIPI_SYSCALL_KIND_DAT_IMPORT,+0x04,anycall_magichole:analysis/decompiled/wipi_cstdlib_spec_adapter.c:280
211,CSTDLIB,strcat,"char *strcat(char *dst, const char *src)",local,local-word,confirmed,WIPI_SYSCALL_KIND_DAT_IMPORT,+0x08,anycall_magichole:analysis/decompiled/wipi_cstdlib_spec_adapter.c:296
212,CSTDLIB,strncat,"char *strncat(char *dst, const char *src, size_t n)",local,local-word,confirmed,WIPI_SYSCALL_KIND_DAT_IMPORT,+0x0c,anycall_magichole:analysis/decompiled/wipi_cstdlib_spec_adapter.c:309
213,CSTDLIB,strcmp,"int strcmp(const char *a, const char *b)",local,local-word,confirmed,WIPI_SYSCALL_KIND_DAT_IMPORT,+0x10,anycall_magichole:analysis/decompiled/wipi_cstdlib_spec_adapter.c:325
214,CSTDLIB,strncmp,"int strncmp(const char *a, const char *b, size_t n)",local,local-word,confirmed,WIPI_SYSCALL_KIND_DAT_IMPORT,+0x14,anycall_magichole:analysis/decompiled/wipi_cstdlib_spec_adapter.c:338
215,CSTDLIB,strchr,"char *strchr(const char *s, int c)",local,local-word,confirmed,WIPI_SYSCALL_KIND_DAT_IMPORT,+0x18,anycall_magichole:analysis/decompiled/wipi_cstdlib_spec_adapter.c:355
216,CSTDLIB,strrchr,"char *strrchr(const char *s, int c)",local,local-word,confirmed,WIPI_SYSCALL_KIND_DAT_IMPORT,+0x1c,anycall_magichole:analysis/decompiled/wipi_cstdlib_spec_adapter.c:369
217,CSTDLIB,strspn,"size_t strspn(const char *s, const char *accept)",local,local-word,candidate,WIPI_SYSCALL_KIND_DAT_IMPORT,+0x20,anycall_magichole:analysis/decompiled/wipi_cstdlib_spec_adapter.c:394
218,CSTDLIB,strcspn,"size_t strcspn(const char *s, const char *reject)",local,local-word,candidate,WIPI_SYSCALL_KIND_DAT_IMPORT,+0x24,anycall_magichole:analysis/decompiled/wipi_cstdlib_spec_adapter.c:406
219,CSTDLIB,strpbrk,"char *strpbrk(const char *s, const char *accept)",local,local-word,confirmed,WIPI_SYSCALL_KIND_DAT_IMPORT,+0x28,anycall_magichole:analysis/decompiled/wipi_cstdlib_spec_adapter.c:418
220,CSTDLIB,strstr,"char *strstr(const char *haystack, const char *needle)",local,local-word,confirmed,WIPI_SYSCALL_KIND_DAT_IMPORT,+0x2c,anycall_magichole:analysis/decompiled/wipi_cstdlib_spec_adapter.c:430
221,CSTDLIB,strlen,size_t strlen(const char *s),local,local-word,confirmed,WIPI_SYSCALL_KIND_DAT_IMPORT,+0x30,anycall_magichole:analysis/decompiled/wipi_cstdlib_spec_adapter.c:455
222,CSTDLIB,strtok,"char *strtok(char *s, const char *delim)",local,local-word,confirmed,WIPI_SYSCALL_KIND_DAT_IMPORT,+0x34,anycall_magichole:analysis/decompiled/wipi_cstdlib_spec_adapter.c:466
223,CSTDLIB,memcpy,"void *memcpy(void *dst, const void *src, size_t n)",local,local-word,confirmed,WIPI_SYSCALL_KIND_DAT_IMPORT,+0x38,anycall_magichole:analysis/decompiled/wipi_cstdlib_spec_adapter.c:499
224,CSTDLIB,memmove,"void *memmove(void *dst, const void *src, size_t n)",local,local-word,confirmed,WIPI_SYSCALL_KIND_DAT_IMPORT,+0x3c,anycall_magichole:analysis/decompiled/wipi_cstdlib_spec_adapter.c:512
225,CSTDLIB,memcmp,"int memcmp(const void *a, const void *b, size_t n)",local,local-word,confirmed,WIPI_SYSCALL_KIND_DAT_IMPORT,+0x40,anycall_magichole:analysis/decompiled/wipi_cstdlib_spec_adapter.c:537
226,CSTDLIB,memchr,"void *memchr(const void *s, int c, size_t n)",local,local-word,candidate,WIPI_SYSCALL_KIND_DAT_IMPORT,+0x44,anycall_magichole:analysis/decompiled/wipi_cstdlib_spec_adapter.c:554
227,CSTDLIB,memset,"void *memset(void *s, int c, size_t n)",local,local-word,confirmed,WIPI_SYSCALL_KIND_DAT_IMPORT,+0x48,anycall_magichole:analysis/decompiled/wipi_cstdlib_spec_adapter.c:570
228,CSTDLIB,atof,double atof(const char *s),local,local-scalar64,candidate,WIPI_SYSCALL_KIND_DAT_IMPORT,+0x4c,anycall_magichole:analysis/decompiled/wipi_cstdlib_spec_adapter.c:783
229,CSTDLIB,atoi,int atoi(const char *s),local,local-word,confirmed,WIPI_SYSCALL_KIND_DAT_IMPORT,+0x50,anycall_magichole:analysis/decompiled/wipi_cstdlib_spec_adapter.c:697
230,CSTDLIB,atoll,long long atoll(const char *s),local,local-scalar64,candidate,WIPI_SYSCALL_KIND_DAT_IMPORT,+0x54,anycall_magichole:analysis/decompiled/wipi_cstdlib_spec_adapter.c:702
231,CSTDLIB,strtod,"double strtod(const char *s, char **endptr)",local,local-scalar64,candidate,WIPI_SYSCALL_KIND_DAT_IMPORT,+0x58,anycall_magichole:analysis/decompiled/wipi_cstdlib_spec_adapter.c:724
232,CSTDLIB,strtol,"long strtol(const char *s, char **endptr, int base)",local,local-word,confirmed,WIPI_SYSCALL_KIND_DAT_IMPORT,+0x5c,anycall_magichole:analysis/decompiled/wipi_cstdlib_spec_adapter.c:635
233,CSTDLIB,strtoul,"unsigned long strtoul(const char *s, char **endptr, int base)",local,local-word,candidate,WIPI_SYSCALL_KIND_DAT_IMPORT,+0x60,anycall_magichole:analysis/decompiled/wipi_cstdlib_spec_adapter.c:583
234,CSTDLIB,clock,clock_t clock(void),local,local-word,candidate,WIPI_SYSCALL_KIND_DAT_IMPORT,+0x64,anycall_magichole:analysis/decompiled/wipi_cstdlib_spec_adapter.c:788
235,CSTDLIB,time,time_t time(time_t *timer),local,local-word,confirmed,WIPI_SYSCALL_KIND_DAT_IMPORT,+0x68,anycall_magichole:analysis/decompiled/wipi_cstdlib_spec_adapter.c:793
236,CSTDLIB,difftime,"double difftime(time_t time1, time_t time0)",local,local-scalar64,candidate,WIPI_SYSCALL_KIND_DAT_IMPORT,+0x6c,anycall_magichole:analysis/decompiled/wipi_cstdlib_spec_adapter.c:801
237,CSTDLIB,mktime,time_t mktime(struct tm *tm),local,local-word,confirmed,WIPI_SYSCALL_KIND_DAT_IMPORT,+0x70,anycall_magichole:analysis/decompiled/wipi_cstdlib_spec_adapter.c:806
238,CSTDLIB,localtime,struct tm *localtime(const time_t *timer),local,local-word,confirmed,WIPI_SYSCALL_KIND_DAT_IMPORT,+0x74,anycall_magichole:analysis/decompiled/wipi_cstdlib_spec_adapter.c:840
239,CSTDLIB,gmtime,struct tm *gmtime(const time_t *timer),local,local-word,candidate,WIPI_SYSCALL_KIND_DAT_IMPORT,+0x78,anycall_magichole:analysis/decompiled/wipi_cstdlib_spec_adapter.c:849
